<?xml version="1.0" encoding="UTF-8"?>
<project-private xmlns="http://www.netbeans.org/ns/project-private/1">
    <editor-bookmarks xmlns="http://www.netbeans.org/ns/editor-bookmarks/2" lastBookmarkId="0"/>
    <open-files xmlns="http://www.netbeans.org/ns/projectui-open-files/2">
        <group>
            <file>file:/C:/Users/HP/Documents/NetBeansProjects/LibraryManagementSystem/src/userAccountCreation.java</file>
            <file>file:/C:/Users/HP/Documents/NetBeansProjects/LibraryManagementSystem/src/Main.java</file>
            <file>file:/C:/Users/HP/Documents/NetBeansProjects/LibraryManagementSystem/src/BookIssuingRequests.java</file>
            <file>file:/C:/Users/HP/Documents/NetBeansProjects/LibraryManagementSystem/src/adminBlock.java</file>
            <file>file:/C:/Users/HP/Documents/NetBeansProjects/LibraryManagementSystem/src/userBlock.java</file>
            <file>file:/C:/Users/HP/Documents/NetBeansProjects/LibraryManagementSystem/src/editBook.java</file>
            <file>file:/C:/Users/HP/Documents/NetBeansProjects/LibraryManagementSystem/src/SearchBook.java</file>
            <file>file:/C:/Users/HP/Documents/NetBeansProjects/LibraryManagementSystem/src/AddorRemoveUser.java</file>
        </group>
    </open-files>
</project-private>
